t,usb0,mac,carrier,host_txp,host_rxp,ping15,ping82,http22,status8080
14:30:21,1,36:f7:e9:0c:86:ad,1,119,119,Y,Y,N,N
14:30:25,1,36:f7:e9:0c:86:ad,1,134,133,Y,Y,N,N
14:30:29,1,36:f7:e9:0c:86:ad,1,149,140,N,N,N,N
14:30:33,1,36:f7:e9:0c:86:ad,1,158,140,N,N,N,N
14:30:37,1,36:f7:e9:0c:86:ad,1,166,140,N,N,N,N
14:30:41,1,36:f7:e9:0c:86:ad,1,171,141,N,N,N,N
14:30:46,1,36:f7:e9:0c:86:ad,1,176,141,N,N,N,N
14:30:50,1,36:f7:e9:0c:86:ad,1,182,141,N,N,N,N
14:30:54,1,36:f7:e9:0c:86:ad,1,187,141,N,N,N,N
14:30:58,1,36:f7:e9:0c:86:ad,1,195,141,N,N,N,N
14:31:02,1,36:f7:e9:0c:86:ad,1,203,141,N,N,N,N
14:31:06,1,36:f7:e9:0c:86:ad,1,208,141,N,N,N,N
14:31:10,1,36:f7:e9:0c:86:ad,1,214,141,N,N,N,N
14:31:14,1,36:f7:e9:0c:86:ad,1,219,141,N,N,N,N
14:31:18,1,36:f7:e9:0c:86:ad,1,226,141,N,N,N,N
14:31:22,1,36:f7:e9:0c:86:ad,1,232,141,N,N,N,N
14:31:26,1,36:f7:e9:0c:86:ad,1,238,141,N,N,N,N
14:31:30,1,36:f7:e9:0c:86:ad,1,243,141,N,N,N,N
14:31:34,1,36:f7:e9:0c:86:ad,1,250,141,N,N,N,N
14:31:38,1,36:f7:e9:0c:86:ad,1,255,141,N,N,N,N
14:31:42,1,36:f7:e9:0c:86:ad,1,263,141,N,N,N,N
14:31:46,1,36:f7:e9:0c:86:ad,1,268,141,N,N,N,N
14:31:50,1,36:f7:e9:0c:86:ad,1,275,142,N,N,N,N
14:31:54,1,36:f7:e9:0c:86:ad,1,280,142,N,N,N,N
14:31:58,1,36:f7:e9:0c:86:ad,1,287,142,N,N,N,N
14:32:02,1,36:f7:e9:0c:86:ad,1,292,142,N,N,N,N
14:32:06,1,36:f7:e9:0c:86:ad,1,299,142,N,N,N,N
14:32:10,1,36:f7:e9:0c:86:ad,1,304,142,N,N,N,N
14:32:14,1,36:f7:e9:0c:86:ad,1,311,142,N,N,N,N
14:32:18,1,36:f7:e9:0c:86:ad,1,316,142,N,N,N,N
14:32:22,1,36:f7:e9:0c:86:ad,1,323,142,N,N,N,N
14:32:26,1,36:f7:e9:0c:86:ad,1,328,142,N,N,N,N
14:32:30,1,36:f7:e9:0c:86:ad,1,335,142,N,N,N,N
14:32:34,1,36:f7:e9:0c:86:ad,1,340,142,N,N,N,N
14:32:38,1,36:f7:e9:0c:86:ad,1,347,142,N,N,N,N
14:32:42,1,36:f7:e9:0c:86:ad,1,352,142,N,N,N,N
14:32:46,1,36:f7:e9:0c:86:ad,1,359,142,N,N,N,N
14:32:51,1,36:f7:e9:0c:86:ad,1,364,142,N,N,N,N
14:32:55,1,36:f7:e9:0c:86:ad,1,371,142,N,N,N,N
14:32:59,1,36:f7:e9:0c:86:ad,1,376,142,N,N,N,N
14:33:03,1,36:f7:e9:0c:86:ad,1,383,142,N,N,N,N
14:33:07,1,36:f7:e9:0c:86:ad,1,388,142,N,N,N,N
14:33:11,1,36:f7:e9:0c:86:ad,1,395,142,N,N,N,N
14:33:15,1,36:f7:e9:0c:86:ad,1,400,142,N,N,N,N
14:33:19,1,36:f7:e9:0c:86:ad,1,407,142,N,N,N,N
14:33:23,1,36:f7:e9:0c:86:ad,1,412,142,N,N,N,N
14:33:27,1,36:f7:e9:0c:86:ad,1,419,142,N,N,N,N
14:33:31,1,36:f7:e9:0c:86:ad,1,424,142,N,N,N,N
14:33:35,1,36:f7:e9:0c:86:ad,1,431,142,N,N,N,N
14:33:39,1,36:f7:e9:0c:86:ad,1,436,142,N,N,N,N
14:33:43,1,36:f7:e9:0c:86:ad,1,443,142,N,N,N,N
14:33:47,1,36:f7:e9:0c:86:ad,1,449,142,N,N,N,N
14:33:51,1,36:f7:e9:0c:86:ad,1,456,142,N,N,N,N
14:33:55,1,36:f7:e9:0c:86:ad,1,461,142,N,N,N,N
14:33:59,1,36:f7:e9:0c:86:ad,1,468,142,N,N,N,N
14:34:03,1,36:f7:e9:0c:86:ad,1,473,142,N,N,N,N
14:34:07,1,36:f7:e9:0c:86:ad,1,480,142,N,N,N,N
14:34:11,1,36:f7:e9:0c:86:ad,1,485,142,N,N,N,N
14:34:15,1,36:f7:e9:0c:86:ad,1,492,143,N,N,N,N
14:34:19,1,36:f7:e9:0c:86:ad,1,497,143,N,N,N,N
14:34:23,1,36:f7:e9:0c:86:ad,1,504,143,N,N,N,N
14:34:27,1,36:f7:e9:0c:86:ad,1,509,143,N,N,N,N
14:34:32,1,36:f7:e9:0c:86:ad,1,516,143,N,N,N,N
14:34:36,1,36:f7:e9:0c:86:ad,1,521,143,N,N,N,N
14:34:40,1,36:f7:e9:0c:86:ad,1,528,143,N,N,N,N
14:34:44,1,36:f7:e9:0c:86:ad,1,533,143,N,N,N,N
14:34:48,1,36:f7:e9:0c:86:ad,1,540,143,N,N,N,N
14:34:52,1,36:f7:e9:0c:86:ad,1,545,143,N,N,N,N
14:34:56,1,36:f7:e9:0c:86:ad,1,552,143,N,N,N,N
14:35:00,1,36:f7:e9:0c:86:ad,1,557,143,N,N,N,N
14:35:04,1,36:f7:e9:0c:86:ad,1,564,143,N,N,N,N
14:35:08,1,36:f7:e9:0c:86:ad,1,569,143,N,N,N,N
14:35:12,1,36:f7:e9:0c:86:ad,1,576,143,N,N,N,N
14:35:16,1,36:f7:e9:0c:86:ad,1,581,143,N,N,N,N
14:35:20,1,36:f7:e9:0c:86:ad,1,588,143,N,N,N,N
14:35:24,1,36:f7:e9:0c:86:ad,1,593,143,N,N,N,N
14:35:28,1,36:f7:e9:0c:86:ad,1,600,143,N,N,N,N
14:35:32,1,36:f7:e9:0c:86:ad,1,605,143,N,N,N,N
14:35:36,1,36:f7:e9:0c:86:ad,1,612,143,N,N,N,N
14:35:40,1,36:f7:e9:0c:86:ad,1,617,143,N,N,N,N
14:35:44,1,36:f7:e9:0c:86:ad,1,624,143,N,N,N,N
14:35:48,1,36:f7:e9:0c:86:ad,1,629,143,N,N,N,N
14:35:52,1,36:f7:e9:0c:86:ad,1,636,143,N,N,N,N
14:35:56,1,36:f7:e9:0c:86:ad,1,641,143,N,N,N,N
14:36:00,1,36:f7:e9:0c:86:ad,1,648,143,N,N,N,N
14:36:04,1,36:f7:e9:0c:86:ad,1,653,143,N,N,N,N
14:36:08,1,36:f7:e9:0c:86:ad,1,660,143,N,N,N,N
14:36:12,1,36:f7:e9:0c:86:ad,1,665,143,N,N,N,N
14:36:17,1,36:f7:e9:0c:86:ad,1,672,143,N,N,N,N
14:36:21,1,36:f7:e9:0c:86:ad,1,677,143,N,N,N,N
14:36:25,1,36:f7:e9:0c:86:ad,1,683,143,N,N,N,N
14:36:29,1,36:f7:e9:0c:86:ad,1,689,143,N,N,N,N
14:36:33,1,36:f7:e9:0c:86:ad,1,695,143,N,N,N,N
14:36:37,1,36:f7:e9:0c:86:ad,1,701,143,N,N,N,N
14:36:41,1,36:f7:e9:0c:86:ad,1,707,143,N,N,N,N
14:36:45,1,36:f7:e9:0c:86:ad,1,713,143,N,N,N,N
14:36:49,1,36:f7:e9:0c:86:ad,1,719,143,N,N,N,N
14:36:53,1,36:f7:e9:0c:86:ad,1,725,143,N,N,N,N
14:36:57,1,36:f7:e9:0c:86:ad,1,731,143,N,N,N,N
14:37:01,1,36:f7:e9:0c:86:ad,1,737,143,N,N,N,N
14:37:05,1,36:f7:e9:0c:86:ad,1,743,143,N,N,N,N
14:37:09,1,36:f7:e9:0c:86:ad,1,749,143,N,N,N,N
14:37:13,1,36:f7:e9:0c:86:ad,1,755,143,N,N,N,N
14:37:17,1,36:f7:e9:0c:86:ad,1,761,143,N,N,N,N
14:37:21,1,36:f7:e9:0c:86:ad,1,767,143,N,N,N,N
14:37:25,1,36:f7:e9:0c:86:ad,1,773,143,N,N,N,N
14:37:29,1,36:f7:e9:0c:86:ad,1,779,143,N,N,N,N
14:37:33,1,36:f7:e9:0c:86:ad,1,786,143,N,N,N,N
14:37:37,1,36:f7:e9:0c:86:ad,1,793,143,N,N,N,N
14:37:41,1,36:f7:e9:0c:86:ad,1,798,143,N,N,N,N
14:37:45,1,36:f7:e9:0c:86:ad,1,803,143,N,N,N,N
14:37:50,1,36:f7:e9:0c:86:ad,1,810,143,N,N,N,N
14:37:54,1,36:f7:e9:0c:86:ad,1,815,143,N,N,N,N
14:37:58,1,36:f7:e9:0c:86:ad,1,822,143,N,N,N,N
14:38:02,1,36:f7:e9:0c:86:ad,1,827,143,N,N,N,N
14:38:06,1,36:f7:e9:0c:86:ad,1,835,143,N,N,N,N
14:38:10,1,36:f7:e9:0c:86:ad,1,840,143,N,N,N,N
14:38:14,1,36:f7:e9:0c:86:ad,1,847,143,N,N,N,N
14:38:18,1,36:f7:e9:0c:86:ad,1,852,143,N,N,N,N
14:38:22,1,36:f7:e9:0c:86:ad,1,859,143,N,N,N,N
14:38:26,1,36:f7:e9:0c:86:ad,1,864,143,N,N,N,N
14:38:30,1,36:f7:e9:0c:86:ad,1,871,143,N,N,N,N
14:38:34,1,36:f7:e9:0c:86:ad,1,876,143,N,N,N,N
14:38:38,1,36:f7:e9:0c:86:ad,1,883,143,N,N,N,N
14:38:42,1,36:f7:e9:0c:86:ad,1,888,143,N,N,N,N
14:38:46,1,36:f7:e9:0c:86:ad,1,895,143,N,N,N,N
14:38:50,1,36:f7:e9:0c:86:ad,1,900,144,N,N,N,N
14:38:54,1,36:f7:e9:0c:86:ad,1,907,144,N,N,N,N
14:38:58,1,36:f7:e9:0c:86:ad,1,912,144,N,N,N,N
14:39:02,1,36:f7:e9:0c:86:ad,1,919,144,N,N,N,N
14:39:06,1,36:f7:e9:0c:86:ad,1,924,144,N,N,N,N
14:39:10,1,36:f7:e9:0c:86:ad,1,931,144,N,N,N,N
14:39:14,1,36:f7:e9:0c:86:ad,1,936,144,N,N,N,N
14:39:18,1,36:f7:e9:0c:86:ad,1,943,144,N,N,N,N
14:39:22,1,36:f7:e9:0c:86:ad,1,948,144,N,N,N,N
14:39:26,1,36:f7:e9:0c:86:ad,1,955,144,N,N,N,N
14:39:30,1,36:f7:e9:0c:86:ad,1,960,144,N,N,N,N
14:39:34,1,36:f7:e9:0c:86:ad,1,967,144,N,N,N,N
14:39:38,1,36:f7:e9:0c:86:ad,1,972,144,N,N,N,N
14:39:43,1,36:f7:e9:0c:86:ad,1,979,144,N,N,N,N
14:39:47,1,36:f7:e9:0c:86:ad,1,984,144,N,N,N,N
14:39:51,1,36:f7:e9:0c:86:ad,1,991,144,N,N,N,N
14:39:55,1,36:f7:e9:0c:86:ad,1,996,144,N,N,N,N
14:39:59,1,36:f7:e9:0c:86:ad,1,1003,144,N,N,N,N
14:40:03,1,36:f7:e9:0c:86:ad,1,1008,144,N,N,N,N
14:40:07,1,36:f7:e9:0c:86:ad,1,1015,144,N,N,N,N
14:40:11,1,36:f7:e9:0c:86:ad,1,1020,144,N,N,N,N
14:40:15,1,36:f7:e9:0c:86:ad,1,1027,144,N,N,N,N
14:40:19,1,36:f7:e9:0c:86:ad,1,1032,144,N,N,N,N
14:40:23,1,36:f7:e9:0c:86:ad,1,1039,144,N,N,N,N
14:40:27,1,36:f7:e9:0c:86:ad,1,1044,144,N,N,N,N
14:40:31,1,36:f7:e9:0c:86:ad,1,1051,144,N,N,N,N
14:40:35,1,36:f7:e9:0c:86:ad,1,1056,144,N,N,N,N
14:40:39,1,36:f7:e9:0c:86:ad,1,1063,144,N,N,N,N
14:40:43,1,36:f7:e9:0c:86:ad,1,1068,144,N,N,N,N
14:40:47,1,36:f7:e9:0c:86:ad,1,1075,144,N,N,N,N
14:40:51,1,36:f7:e9:0c:86:ad,1,1080,144,N,N,N,N
14:40:55,1,36:f7:e9:0c:86:ad,1,1087,144,N,N,N,N
14:40:59,1,36:f7:e9:0c:86:ad,1,1092,144,N,N,N,N
14:41:03,1,36:f7:e9:0c:86:ad,1,1099,144,N,N,N,N
14:41:08,1,36:f7:e9:0c:86:ad,1,1104,144,N,N,N,N
14:41:12,1,36:f7:e9:0c:86:ad,1,1111,144,N,N,N,N
14:41:16,1,36:f7:e9:0c:86:ad,1,1116,144,N,N,N,N
14:41:20,1,36:f7:e9:0c:86:ad,1,1123,144,N,N,N,N
14:41:24,1,36:f7:e9:0c:86:ad,1,1128,144,N,N,N,N
14:41:28,1,36:f7:e9:0c:86:ad,1,1135,144,N,N,N,N
14:41:32,1,36:f7:e9:0c:86:ad,1,1140,144,N,N,N,N
14:41:36,1,36:f7:e9:0c:86:ad,1,1147,144,N,N,N,N
14:41:40,1,36:f7:e9:0c:86:ad,1,1152,144,N,N,N,N
14:41:44,1,36:f7:e9:0c:86:ad,1,1159,144,N,N,N,N
14:41:48,1,36:f7:e9:0c:86:ad,1,1164,144,N,N,N,N
14:41:52,1,36:f7:e9:0c:86:ad,1,1171,144,N,N,N,N
14:41:56,1,36:f7:e9:0c:86:ad,1,1176,144,N,N,N,N
14:42:00,1,36:f7:e9:0c:86:ad,1,1183,144,N,N,N,N
14:42:04,1,36:f7:e9:0c:86:ad,1,1188,144,N,N,N,N
14:42:08,1,36:f7:e9:0c:86:ad,1,1195,144,N,N,N,N
14:42:12,1,36:f7:e9:0c:86:ad,1,1200,144,N,N,N,N
14:42:16,1,36:f7:e9:0c:86:ad,1,1207,144,N,N,N,N
14:42:20,1,36:f7:e9:0c:86:ad,1,1212,144,N,N,N,N
14:42:24,1,36:f7:e9:0c:86:ad,1,1219,144,N,N,N,N
14:42:28,1,36:f7:e9:0c:86:ad,1,1224,144,N,N,N,N
14:42:32,1,36:f7:e9:0c:86:ad,1,1230,144,N,N,N,N
14:42:36,1,36:f7:e9:0c:86:ad,1,1236,144,N,N,N,N
14:42:40,1,36:f7:e9:0c:86:ad,1,1242,144,N,N,N,N
14:42:45,1,36:f7:e9:0c:86:ad,1,1248,144,N,N,N,N
14:42:49,1,36:f7:e9:0c:86:ad,1,1255,144,N,N,N,N
14:42:53,1,36:f7:e9:0c:86:ad,1,1260,144,N,N,N,N
14:42:57,1,36:f7:e9:0c:86:ad,1,1267,144,N,N,N,N
14:43:01,1,36:f7:e9:0c:86:ad,1,1272,144,N,N,N,N
14:43:05,1,36:f7:e9:0c:86:ad,1,1279,144,N,N,N,N
14:43:09,1,36:f7:e9:0c:86:ad,1,1284,144,N,N,N,N
14:43:13,1,36:f7:e9:0c:86:ad,1,1290,144,N,N,N,N
14:43:17,1,36:f7:e9:0c:86:ad,1,1296,144,N,N,N,N
14:43:21,1,36:f7:e9:0c:86:ad,1,1302,144,N,N,N,N
14:43:25,1,36:f7:e9:0c:86:ad,1,1308,144,N,N,N,N
14:43:29,1,36:f7:e9:0c:86:ad,1,1314,144,N,N,N,N
14:43:33,1,36:f7:e9:0c:86:ad,1,1320,144,N,N,N,N
14:43:37,1,36:f7:e9:0c:86:ad,1,1326,144,N,N,N,N
14:43:41,1,36:f7:e9:0c:86:ad,1,1332,144,N,N,N,N
14:43:45,1,36:f7:e9:0c:86:ad,1,1338,144,N,N,N,N
14:43:49,1,36:f7:e9:0c:86:ad,1,1344,144,N,N,N,N
14:43:53,1,36:f7:e9:0c:86:ad,1,1350,144,N,N,N,N
14:43:57,1,36:f7:e9:0c:86:ad,1,1356,144,N,N,N,N
14:44:01,1,36:f7:e9:0c:86:ad,1,1362,144,N,N,N,N
14:44:05,1,36:f7:e9:0c:86:ad,1,1368,144,N,N,N,N
14:44:10,1,36:f7:e9:0c:86:ad,1,1374,144,N,N,N,N
14:44:14,1,36:f7:e9:0c:86:ad,1,1380,144,N,N,N,N
14:44:18,1,36:f7:e9:0c:86:ad,1,1386,144,N,N,N,N
14:44:22,1,36:f7:e9:0c:86:ad,1,1392,144,N,N,N,N
14:44:26,1,36:f7:e9:0c:86:ad,1,1398,144,N,N,N,N
14:44:30,1,36:f7:e9:0c:86:ad,1,1404,144,N,N,N,N
14:44:34,1,36:f7:e9:0c:86:ad,1,1410,144,N,N,N,N
14:44:38,1,36:f7:e9:0c:86:ad,1,1416,144,N,N,N,N
14:44:42,1,36:f7:e9:0c:86:ad,1,1422,144,N,N,N,N
14:44:46,1,36:f7:e9:0c:86:ad,1,1428,144,N,N,N,N
14:44:50,1,36:f7:e9:0c:86:ad,1,1434,144,N,N,N,N
14:44:54,1,36:f7:e9:0c:86:ad,1,1440,144,N,N,N,N
14:44:58,1,36:f7:e9:0c:86:ad,1,1446,144,N,N,N,N
14:45:02,1,36:f7:e9:0c:86:ad,1,1452,144,N,N,N,N
14:45:06,1,36:f7:e9:0c:86:ad,1,1458,144,N,N,N,N
14:45:10,1,36:f7:e9:0c:86:ad,1,1464,144,N,N,N,N
14:45:14,1,36:f7:e9:0c:86:ad,1,1470,144,N,N,N,N
14:45:18,1,36:f7:e9:0c:86:ad,1,1476,144,N,N,N,N
14:45:22,1,36:f7:e9:0c:86:ad,1,1482,144,N,N,N,N
14:45:26,1,36:f7:e9:0c:86:ad,1,1488,144,N,N,N,N
14:45:30,1,36:f7:e9:0c:86:ad,1,1494,144,N,N,N,N
14:45:34,1,36:f7:e9:0c:86:ad,1,1500,144,N,N,N,N
14:45:38,1,36:f7:e9:0c:86:ad,1,1506,144,N,N,N,N
14:45:42,1,36:f7:e9:0c:86:ad,1,1512,144,N,N,N,N
14:45:47,1,36:f7:e9:0c:86:ad,1,1518,144,N,N,N,N
14:45:51,1,36:f7:e9:0c:86:ad,1,1524,144,N,N,N,N
14:45:55,1,36:f7:e9:0c:86:ad,1,1530,144,N,N,N,N
14:45:59,1,36:f7:e9:0c:86:ad,1,1536,144,N,N,N,N
14:46:03,1,36:f7:e9:0c:86:ad,1,1542,144,N,N,N,N
14:46:07,1,36:f7:e9:0c:86:ad,1,1549,144,N,N,N,N
14:46:11,1,36:f7:e9:0c:86:ad,1,1554,144,N,N,N,N
14:46:15,1,36:f7:e9:0c:86:ad,1,1561,144,N,N,N,N
14:46:19,1,36:f7:e9:0c:86:ad,1,1567,144,N,N,N,N
14:46:23,1,36:f7:e9:0c:86:ad,1,1574,144,N,N,N,N
14:46:27,1,36:f7:e9:0c:86:ad,1,1579,144,N,N,N,N
14:46:31,1,36:f7:e9:0c:86:ad,1,1586,144,N,N,N,N
14:46:35,1,36:f7:e9:0c:86:ad,1,1591,144,N,N,N,N
14:46:39,1,36:f7:e9:0c:86:ad,1,1598,144,N,N,N,N
14:46:43,1,36:f7:e9:0c:86:ad,1,1603,144,N,N,N,N
14:46:47,1,36:f7:e9:0c:86:ad,1,1610,144,N,N,N,N
14:46:51,1,36:f7:e9:0c:86:ad,1,1615,144,N,N,N,N
14:46:55,1,36:f7:e9:0c:86:ad,1,1622,144,N,N,N,N
14:46:59,1,36:f7:e9:0c:86:ad,1,1627,144,N,N,N,N
14:47:03,1,36:f7:e9:0c:86:ad,1,1634,144,N,N,N,N
14:47:07,1,36:f7:e9:0c:86:ad,1,1639,144,N,N,N,N
14:47:11,1,36:f7:e9:0c:86:ad,1,1646,144,N,N,N,N
14:47:15,1,36:f7:e9:0c:86:ad,1,1651,144,N,N,N,N
14:47:19,1,36:f7:e9:0c:86:ad,1,1658,144,N,N,N,N
14:47:23,1,36:f7:e9:0c:86:ad,1,1663,144,N,N,N,N
14:47:28,1,36:f7:e9:0c:86:ad,1,1670,144,N,N,N,N
14:47:32,1,36:f7:e9:0c:86:ad,1,1675,144,N,N,N,N
14:47:36,1,36:f7:e9:0c:86:ad,1,1682,144,N,N,N,N
14:47:40,1,36:f7:e9:0c:86:ad,1,1687,144,N,N,N,N
14:47:44,1,36:f7:e9:0c:86:ad,1,1694,144,N,N,N,N
14:47:48,1,36:f7:e9:0c:86:ad,1,1701,144,N,N,N,N
14:47:52,1,36:f7:e9:0c:86:ad,1,1706,144,N,N,N,N
14:47:56,1,36:f7:e9:0c:86:ad,1,1711,144,N,N,N,N
14:48:00,1,36:f7:e9:0c:86:ad,1,1718,144,N,N,N,N
14:48:04,1,36:f7:e9:0c:86:ad,1,1723,144,N,N,N,N
14:48:08,1,36:f7:e9:0c:86:ad,1,1730,144,N,N,N,N
14:48:12,1,36:f7:e9:0c:86:ad,1,1735,144,N,N,N,N
14:48:16,1,36:f7:e9:0c:86:ad,1,1742,145,N,N,N,N
14:48:20,1,36:f7:e9:0c:86:ad,1,1747,145,N,N,N,N
14:48:24,1,36:f7:e9:0c:86:ad,1,1754,145,N,N,N,N
14:48:28,1,36:f7:e9:0c:86:ad,1,1759,145,N,N,N,N
14:48:32,1,36:f7:e9:0c:86:ad,1,1766,145,N,N,N,N
14:48:36,1,36:f7:e9:0c:86:ad,1,1771,145,N,N,N,N
14:48:40,1,36:f7:e9:0c:86:ad,1,1778,145,N,N,N,N
14:48:44,1,36:f7:e9:0c:86:ad,1,1783,145,N,N,N,N
14:48:48,1,36:f7:e9:0c:86:ad,1,1790,145,N,N,N,N
14:48:53,1,36:f7:e9:0c:86:ad,1,1795,145,N,N,N,N
14:48:57,1,36:f7:e9:0c:86:ad,1,1802,145,N,N,N,N
14:49:01,1,36:f7:e9:0c:86:ad,1,1807,145,N,N,N,N
14:49:05,1,36:f7:e9:0c:86:ad,1,1814,145,N,N,N,N
14:49:09,1,36:f7:e9:0c:86:ad,1,1819,145,N,N,N,N
14:49:13,1,36:f7:e9:0c:86:ad,1,1826,145,N,N,N,N
14:49:17,1,36:f7:e9:0c:86:ad,1,1831,145,N,N,N,N
14:49:21,1,36:f7:e9:0c:86:ad,1,1838,145,N,N,N,N
14:49:25,1,36:f7:e9:0c:86:ad,1,1843,145,N,N,N,N
14:49:29,1,36:f7:e9:0c:86:ad,1,1850,145,N,N,N,N
14:49:33,1,36:f7:e9:0c:86:ad,1,1855,145,N,N,N,N
14:49:37,1,36:f7:e9:0c:86:ad,1,1862,145,N,N,N,N
14:49:41,1,36:f7:e9:0c:86:ad,1,1867,145,N,N,N,N
14:49:45,1,36:f7:e9:0c:86:ad,1,1874,145,N,N,N,N
14:49:49,1,36:f7:e9:0c:86:ad,1,1879,145,N,N,N,N
14:49:53,1,36:f7:e9:0c:86:ad,1,1886,145,N,N,N,N
14:49:57,1,36:f7:e9:0c:86:ad,1,1891,145,N,N,N,N
14:50:01,1,36:f7:e9:0c:86:ad,1,1897,145,N,N,N,N
14:50:05,1,36:f7:e9:0c:86:ad,1,1903,145,N,N,N,N
14:50:09,1,36:f7:e9:0c:86:ad,1,1909,145,N,N,N,N
14:50:13,1,36:f7:e9:0c:86:ad,1,1915,145,N,N,N,N
14:50:17,1,36:f7:e9:0c:86:ad,1,1921,145,N,N,N,N
14:50:21,1,36:f7:e9:0c:86:ad,1,1927,145,N,N,N,N
14:50:25,1,36:f7:e9:0c:86:ad,1,1933,145,N,N,N,N
14:50:29,1,36:f7:e9:0c:86:ad,1,1940,145,N,N,N,N
14:50:33,1,36:f7:e9:0c:86:ad,1,1945,145,N,N,N,N
14:50:38,1,36:f7:e9:0c:86:ad,1,1952,145,N,N,N,N
14:50:42,1,36:f7:e9:0c:86:ad,1,1957,145,N,N,N,N
14:50:46,1,36:f7:e9:0c:86:ad,1,1964,145,N,N,N,N
14:50:50,1,36:f7:e9:0c:86:ad,1,1969,145,N,N,N,N
14:50:54,1,36:f7:e9:0c:86:ad,1,1976,145,N,N,N,N
14:50:58,1,36:f7:e9:0c:86:ad,1,1981,145,N,N,N,N
14:51:02,1,36:f7:e9:0c:86:ad,1,1988,145,N,N,N,N
14:51:06,1,36:f7:e9:0c:86:ad,1,1993,145,N,N,N,N
14:51:10,1,36:f7:e9:0c:86:ad,1,2000,145,N,N,N,N
14:51:14,1,36:f7:e9:0c:86:ad,1,2005,145,N,N,N,N
14:51:18,1,36:f7:e9:0c:86:ad,1,2012,145,N,N,N,N
14:51:22,1,36:f7:e9:0c:86:ad,1,2017,145,N,N,N,N
14:51:26,1,36:f7:e9:0c:86:ad,1,2024,145,N,N,N,N
14:51:30,1,36:f7:e9:0c:86:ad,1,2029,145,N,N,N,N
14:51:34,1,36:f7:e9:0c:86:ad,1,2036,145,N,N,N,N
14:51:38,1,36:f7:e9:0c:86:ad,1,2041,145,N,N,N,N
14:51:42,1,36:f7:e9:0c:86:ad,1,2048,145,N,N,N,N
14:51:46,1,36:f7:e9:0c:86:ad,1,2053,145,N,N,N,N
14:51:50,1,36:f7:e9:0c:86:ad,1,2060,145,N,N,N,N
14:51:54,1,36:f7:e9:0c:86:ad,1,2065,145,N,N,N,N
14:51:58,1,36:f7:e9:0c:86:ad,1,2072,145,N,N,N,N
14:52:02,1,36:f7:e9:0c:86:ad,1,2077,145,N,N,N,N
14:52:06,1,36:f7:e9:0c:86:ad,1,2084,145,N,N,N,N
14:52:11,1,36:f7:e9:0c:86:ad,1,2089,145,N,N,N,N
14:52:15,1,36:f7:e9:0c:86:ad,1,2096,145,N,N,N,N
14:52:19,1,36:f7:e9:0c:86:ad,1,2101,145,N,N,N,N
14:52:23,1,36:f7:e9:0c:86:ad,1,2108,145,N,N,N,N
14:52:27,1,36:f7:e9:0c:86:ad,1,2113,145,N,N,N,N
14:52:31,1,36:f7:e9:0c:86:ad,1,2120,145,N,N,N,N
14:52:35,1,36:f7:e9:0c:86:ad,1,2125,145,N,N,N,N
14:52:39,1,36:f7:e9:0c:86:ad,1,2132,145,N,N,N,N
14:52:43,1,36:f7:e9:0c:86:ad,1,2137,145,N,N,N,N
14:52:47,1,36:f7:e9:0c:86:ad,1,2144,145,N,N,N,N
14:52:51,1,36:f7:e9:0c:86:ad,1,2149,145,N,N,N,N
14:52:55,1,36:f7:e9:0c:86:ad,1,2156,145,N,N,N,N
14:52:59,1,36:f7:e9:0c:86:ad,1,2161,145,N,N,N,N
14:53:03,1,36:f7:e9:0c:86:ad,1,2168,145,N,N,N,N
14:53:07,1,36:f7:e9:0c:86:ad,1,2173,145,N,N,N,N
14:53:11,1,36:f7:e9:0c:86:ad,1,2180,145,N,N,N,N
14:53:15,1,36:f7:e9:0c:86:ad,1,2185,145,N,N,N,N
14:53:19,1,36:f7:e9:0c:86:ad,1,2192,145,N,N,N,N
14:53:23,1,36:f7:e9:0c:86:ad,1,2197,145,N,N,N,N
14:53:27,1,36:f7:e9:0c:86:ad,1,2204,145,N,N,N,N
14:53:31,1,36:f7:e9:0c:86:ad,1,2209,145,N,N,N,N
14:53:35,1,36:f7:e9:0c:86:ad,1,2216,145,N,N,N,N
14:53:39,1,36:f7:e9:0c:86:ad,1,2221,145,N,N,N,N
14:53:43,1,36:f7:e9:0c:86:ad,1,2228,145,N,N,N,N
14:53:47,1,36:f7:e9:0c:86:ad,1,2233,145,N,N,N,N
14:53:51,1,36:f7:e9:0c:86:ad,1,2240,145,N,N,N,N
14:53:56,1,36:f7:e9:0c:86:ad,1,2245,145,N,N,N,N
14:54:00,1,36:f7:e9:0c:86:ad,1,2252,145,N,N,N,N
14:54:04,1,36:f7:e9:0c:86:ad,1,2257,145,N,N,N,N
14:54:08,1,36:f7:e9:0c:86:ad,1,2264,145,N,N,N,N
14:54:12,1,36:f7:e9:0c:86:ad,1,2269,145,N,N,N,N
14:54:16,1,36:f7:e9:0c:86:ad,1,2276,145,N,N,N,N
14:54:20,1,36:f7:e9:0c:86:ad,1,2281,145,N,N,N,N
14:54:24,1,36:f7:e9:0c:86:ad,1,2288,145,N,N,N,N
14:54:28,1,36:f7:e9:0c:86:ad,1,2293,145,N,N,N,N
14:54:32,1,36:f7:e9:0c:86:ad,1,2300,145,N,N,N,N
14:54:36,1,36:f7:e9:0c:86:ad,1,2305,145,N,N,N,N
14:54:40,1,36:f7:e9:0c:86:ad,1,2312,145,N,N,N,N
14:54:44,1,36:f7:e9:0c:86:ad,1,2317,145,N,N,N,N
14:54:48,1,36:f7:e9:0c:86:ad,1,2324,145,N,N,N,N
14:54:52,1,36:f7:e9:0c:86:ad,1,2329,145,N,N,N,N
14:54:56,1,36:f7:e9:0c:86:ad,1,2336,145,N,N,N,N
14:55:00,1,36:f7:e9:0c:86:ad,1,2341,145,N,N,N,N
14:55:04,1,36:f7:e9:0c:86:ad,1,2348,145,N,N,N,N
14:55:08,1,36:f7:e9:0c:86:ad,1,2356,145,N,N,N,N
14:55:12,1,36:f7:e9:0c:86:ad,1,2359,145,N,N,N,N
14:55:16,1,36:f7:e9:0c:86:ad,1,2365,145,N,N,N,N
14:55:20,1,36:f7:e9:0c:86:ad,1,2371,145,N,N,N,N
14:55:24,1,36:f7:e9:0c:86:ad,1,2377,145,N,N,N,N
14:55:28,1,36:f7:e9:0c:86:ad,1,2383,145,N,N,N,N
14:55:33,1,36:f7:e9:0c:86:ad,1,2390,145,N,N,N,N
14:55:37,1,36:f7:e9:0c:86:ad,1,2395,145,N,N,N,N
14:55:41,1,36:f7:e9:0c:86:ad,1,2402,145,N,N,N,N
14:55:45,1,36:f7:e9:0c:86:ad,1,2407,145,N,N,N,N
14:55:49,1,36:f7:e9:0c:86:ad,1,2414,145,N,N,N,N
14:55:53,1,36:f7:e9:0c:86:ad,1,2419,145,N,N,N,N
14:55:57,1,36:f7:e9:0c:86:ad,1,2426,145,N,N,N,N
14:56:01,1,36:f7:e9:0c:86:ad,1,2431,145,N,N,N,N
14:56:05,1,36:f7:e9:0c:86:ad,1,2438,145,N,N,N,N
14:56:09,1,36:f7:e9:0c:86:ad,1,2443,145,N,N,N,N
14:56:13,1,36:f7:e9:0c:86:ad,1,2450,145,N,N,N,N
14:56:17,1,36:f7:e9:0c:86:ad,1,2455,145,N,N,N,N
14:56:21,1,36:f7:e9:0c:86:ad,1,2462,145,N,N,N,N
14:56:25,1,36:f7:e9:0c:86:ad,1,2467,145,N,N,N,N
14:56:29,1,36:f7:e9:0c:86:ad,1,2474,145,N,N,N,N
14:56:33,1,36:f7:e9:0c:86:ad,1,2479,145,N,N,N,N
14:56:37,1,36:f7:e9:0c:86:ad,1,2486,145,N,N,N,N
14:56:41,1,36:f7:e9:0c:86:ad,1,2491,145,N,N,N,N
14:56:45,1,36:f7:e9:0c:86:ad,1,2498,145,N,N,N,N
14:56:49,1,36:f7:e9:0c:86:ad,1,2503,145,N,N,N,N
14:56:53,1,36:f7:e9:0c:86:ad,1,2510,145,N,N,N,N
14:56:57,1,36:f7:e9:0c:86:ad,1,2515,145,N,N,N,N
14:57:01,1,36:f7:e9:0c:86:ad,1,2522,145,N,N,N,N
14:57:06,1,36:f7:e9:0c:86:ad,1,2527,145,N,N,N,N
14:57:10,1,36:f7:e9:0c:86:ad,1,2534,145,N,N,N,N
14:57:14,1,36:f7:e9:0c:86:ad,1,2539,145,N,N,N,N
14:57:18,1,36:f7:e9:0c:86:ad,1,2546,145,N,N,N,N
14:57:22,1,36:f7:e9:0c:86:ad,1,2551,145,N,N,N,N
14:57:26,1,36:f7:e9:0c:86:ad,1,2558,145,N,N,N,N
14:57:30,1,36:f7:e9:0c:86:ad,1,2563,145,N,N,N,N
14:57:34,1,36:f7:e9:0c:86:ad,1,2570,145,N,N,N,N
14:57:38,1,36:f7:e9:0c:86:ad,1,2575,145,N,N,N,N
14:57:42,1,36:f7:e9:0c:86:ad,1,2582,145,N,N,N,N
14:57:46,1,36:f7:e9:0c:86:ad,1,2587,145,N,N,N,N
14:57:50,1,36:f7:e9:0c:86:ad,1,2594,145,N,N,N,N
14:57:54,1,36:f7:e9:0c:86:ad,1,2599,145,N,N,N,N
14:57:58,1,36:f7:e9:0c:86:ad,1,2606,145,N,N,N,N
14:58:02,1,36:f7:e9:0c:86:ad,1,2611,145,N,N,N,N
14:58:06,1,36:f7:e9:0c:86:ad,1,2618,145,N,N,N,N
14:58:10,1,36:f7:e9:0c:86:ad,1,2623,145,N,N,N,N
14:58:14,1,36:f7:e9:0c:86:ad,1,2630,145,N,N,N,N
14:58:18,1,36:f7:e9:0c:86:ad,1,2635,145,N,N,N,N
14:58:22,1,36:f7:e9:0c:86:ad,1,2642,145,N,N,N,N
14:58:26,1,36:f7:e9:0c:86:ad,1,2647,145,N,N,N,N
14:58:30,1,36:f7:e9:0c:86:ad,1,2654,145,N,N,N,N
14:58:34,1,36:f7:e9:0c:86:ad,1,2659,145,N,N,N,N
14:58:38,1,36:f7:e9:0c:86:ad,1,2666,145,N,N,N,N
14:58:42,1,36:f7:e9:0c:86:ad,1,2671,145,N,N,N,N
14:58:47,1,36:f7:e9:0c:86:ad,1,2678,145,N,N,N,N
14:58:51,1,36:f7:e9:0c:86:ad,1,2683,145,N,N,N,N
14:58:55,1,36:f7:e9:0c:86:ad,1,2690,145,N,N,N,N
14:58:59,1,36:f7:e9:0c:86:ad,1,2695,145,N,N,N,N
14:59:03,1,36:f7:e9:0c:86:ad,1,2702,145,N,N,N,N
14:59:07,1,36:f7:e9:0c:86:ad,1,2707,145,N,N,N,N
14:59:11,1,36:f7:e9:0c:86:ad,1,2714,145,N,N,N,N
14:59:15,1,36:f7:e9:0c:86:ad,1,2719,145,N,N,N,N
14:59:19,1,36:f7:e9:0c:86:ad,1,2726,145,N,N,N,N
14:59:23,1,36:f7:e9:0c:86:ad,1,2731,145,N,N,N,N
14:59:27,1,36:f7:e9:0c:86:ad,1,2738,145,N,N,N,N
14:59:31,1,36:f7:e9:0c:86:ad,1,2743,145,N,N,N,N
14:59:35,1,36:f7:e9:0c:86:ad,1,2750,145,N,N,N,N
14:59:39,1,36:f7:e9:0c:86:ad,1,2755,145,N,N,N,N
14:59:43,1,36:f7:e9:0c:86:ad,1,2762,145,N,N,N,N
14:59:47,1,36:f7:e9:0c:86:ad,1,2767,145,N,N,N,N
14:59:51,1,36:f7:e9:0c:86:ad,1,2774,145,N,N,N,N
14:59:55,1,36:f7:e9:0c:86:ad,1,2779,145,N,N,N,N
14:59:59,1,36:f7:e9:0c:86:ad,1,2786,145,N,N,N,N
15:00:03,1,36:f7:e9:0c:86:ad,1,2791,145,N,N,N,N
15:00:07,1,36:f7:e9:0c:86:ad,1,2798,145,N,N,N,N
15:00:11,1,36:f7:e9:0c:86:ad,1,2803,145,N,N,N,N
15:00:15,1,36:f7:e9:0c:86:ad,1,2810,145,N,N,N,N
15:00:20,1,36:f7:e9:0c:86:ad,1,2815,145,N,N,N,N
15:00:24,1,36:f7:e9:0c:86:ad,1,2821,145,N,N,N,N
15:00:28,1,36:f7:e9:0c:86:ad,1,2827,145,N,N,N,N
15:00:32,1,36:f7:e9:0c:86:ad,1,2833,145,N,N,N,N
15:00:36,1,36:f7:e9:0c:86:ad,1,2840,145,N,N,N,N
15:00:40,1,36:f7:e9:0c:86:ad,1,2845,145,N,N,N,N
15:00:44,1,36:f7:e9:0c:86:ad,1,2852,145,N,N,N,N
15:00:48,1,36:f7:e9:0c:86:ad,1,2857,145,N,N,N,N
15:00:52,1,36:f7:e9:0c:86:ad,1,2864,145,N,N,N,N
15:00:56,1,36:f7:e9:0c:86:ad,1,2869,145,N,N,N,N
15:01:00,1,36:f7:e9:0c:86:ad,1,2876,145,N,N,N,N
15:01:04,1,36:f7:e9:0c:86:ad,1,2881,145,N,N,N,N
15:01:08,1,36:f7:e9:0c:86:ad,1,2888,145,N,N,N,N
15:01:12,1,36:f7:e9:0c:86:ad,1,2893,145,N,N,N,N
15:01:16,1,36:f7:e9:0c:86:ad,1,2900,145,N,N,N,N
15:01:20,1,36:f7:e9:0c:86:ad,1,2905,145,N,N,N,N
15:01:24,1,36:f7:e9:0c:86:ad,1,2912,145,N,N,N,N
15:01:28,1,36:f7:e9:0c:86:ad,1,2917,145,N,N,N,N
15:01:32,1,36:f7:e9:0c:86:ad,1,2924,145,N,N,N,N
15:01:36,1,36:f7:e9:0c:86:ad,1,2929,145,N,N,N,N
15:01:40,1,36:f7:e9:0c:86:ad,1,2936,145,N,N,N,N
15:01:44,1,36:f7:e9:0c:86:ad,1,2941,145,N,N,N,N
15:01:48,1,36:f7:e9:0c:86:ad,1,2948,145,N,N,N,N
15:01:53,1,36:f7:e9:0c:86:ad,1,2953,145,N,N,N,N
15:01:57,1,36:f7:e9:0c:86:ad,1,2960,145,N,N,N,N
15:02:01,1,36:f7:e9:0c:86:ad,1,2965,145,N,N,N,N
15:02:05,1,36:f7:e9:0c:86:ad,1,2972,145,N,N,N,N
15:02:09,1,36:f7:e9:0c:86:ad,1,2977,145,N,N,N,N
15:02:13,1,36:f7:e9:0c:86:ad,1,2984,145,N,N,N,N
15:02:17,1,36:f7:e9:0c:86:ad,1,2989,145,N,N,N,N
15:02:21,1,36:f7:e9:0c:86:ad,1,2996,145,N,N,N,N
15:02:25,1,36:f7:e9:0c:86:ad,1,3001,145,N,N,N,N
15:02:29,1,36:f7:e9:0c:86:ad,1,3008,145,N,N,N,N
15:02:33,1,36:f7:e9:0c:86:ad,1,3013,145,N,N,N,N
15:02:37,1,36:f7:e9:0c:86:ad,1,3020,145,N,N,N,N
15:02:41,1,36:f7:e9:0c:86:ad,1,3026,145,N,N,N,N
15:02:45,1,36:f7:e9:0c:86:ad,1,3033,145,N,N,N,N
15:02:49,1,36:f7:e9:0c:86:ad,1,3038,145,N,N,N,N
15:02:53,1,36:f7:e9:0c:86:ad,1,3045,145,N,N,N,N
15:02:57,1,36:f7:e9:0c:86:ad,1,3050,145,N,N,N,N
15:03:01,1,36:f7:e9:0c:86:ad,1,3057,145,N,N,N,N
15:03:05,1,36:f7:e9:0c:86:ad,1,3062,145,N,N,N,N
15:03:09,1,36:f7:e9:0c:86:ad,1,3069,145,N,N,N,N
15:03:13,1,36:f7:e9:0c:86:ad,1,3074,145,N,N,N,N
15:03:17,1,36:f7:e9:0c:86:ad,1,3081,145,N,N,N,N
15:03:21,1,36:f7:e9:0c:86:ad,1,3086,145,N,N,N,N
15:03:25,1,36:f7:e9:0c:86:ad,1,3093,145,N,N,N,N
15:03:29,1,36:f7:e9:0c:86:ad,1,3098,145,N,N,N,N
15:03:34,1,36:f7:e9:0c:86:ad,1,3105,145,N,N,N,N
15:03:38,1,36:f7:e9:0c:86:ad,1,3110,145,N,N,N,N
15:03:42,1,36:f7:e9:0c:86:ad,1,3117,145,N,N,N,N
15:03:46,1,36:f7:e9:0c:86:ad,1,3122,145,N,N,N,N
15:03:50,1,36:f7:e9:0c:86:ad,1,3129,145,N,N,N,N
15:03:54,1,36:f7:e9:0c:86:ad,1,3134,145,N,N,N,N
15:03:58,1,36:f7:e9:0c:86:ad,1,3141,145,N,N,N,N
15:04:02,1,36:f7:e9:0c:86:ad,1,3146,145,N,N,N,N
15:04:06,1,36:f7:e9:0c:86:ad,1,3153,145,N,N,N,N
15:04:10,1,36:f7:e9:0c:86:ad,1,3158,145,N,N,N,N
15:04:14,1,36:f7:e9:0c:86:ad,1,3165,145,N,N,N,N
15:04:18,1,36:f7:e9:0c:86:ad,1,3170,145,N,N,N,N
15:04:22,1,36:f7:e9:0c:86:ad,1,3177,145,N,N,N,N
15:04:26,1,36:f7:e9:0c:86:ad,1,3182,145,N,N,N,N
15:04:30,1,36:f7:e9:0c:86:ad,1,3189,145,N,N,N,N
15:04:34,1,36:f7:e9:0c:86:ad,1,3194,145,N,N,N,N
15:04:38,1,36:f7:e9:0c:86:ad,1,3201,145,N,N,N,N
15:04:42,1,36:f7:e9:0c:86:ad,1,3206,145,N,N,N,N
15:04:46,1,36:f7:e9:0c:86:ad,1,3213,145,N,N,N,N
15:04:50,1,36:f7:e9:0c:86:ad,1,3218,145,N,N,N,N
15:04:54,1,36:f7:e9:0c:86:ad,1,3225,145,N,N,N,N
15:04:58,1,36:f7:e9:0c:86:ad,1,3230,145,N,N,N,N
15:05:02,1,36:f7:e9:0c:86:ad,1,3237,145,N,N,N,N
15:05:06,1,36:f7:e9:0c:86:ad,1,3242,145,N,N,N,N
15:05:11,1,36:f7:e9:0c:86:ad,1,3249,145,N,N,N,N
15:05:15,1,36:f7:e9:0c:86:ad,1,3254,145,N,N,N,N
15:05:19,1,36:f7:e9:0c:86:ad,1,3261,145,N,N,N,N
15:05:23,1,36:f7:e9:0c:86:ad,1,3266,145,N,N,N,N
15:05:27,1,36:f7:e9:0c:86:ad,1,3272,145,N,N,N,N
15:05:31,1,36:f7:e9:0c:86:ad,1,3278,145,N,N,N,N
15:05:35,1,36:f7:e9:0c:86:ad,1,3284,145,N,N,N,N
15:05:39,1,36:f7:e9:0c:86:ad,1,3290,145,N,N,N,N
15:05:43,1,36:f7:e9:0c:86:ad,1,3296,145,N,N,N,N
15:05:47,1,36:f7:e9:0c:86:ad,1,3302,145,N,N,N,N
15:05:51,1,36:f7:e9:0c:86:ad,1,3308,145,N,N,N,N
15:05:55,1,36:f7:e9:0c:86:ad,1,3314,145,N,N,N,N
15:05:59,1,36:f7:e9:0c:86:ad,1,3320,145,N,N,N,N
15:06:03,1,36:f7:e9:0c:86:ad,1,3327,145,N,N,N,N
15:06:07,1,36:f7:e9:0c:86:ad,1,3332,145,N,N,N,N
15:06:11,1,36:f7:e9:0c:86:ad,1,3339,145,N,N,N,N
15:06:15,1,36:f7:e9:0c:86:ad,1,3344,145,N,N,N,N
15:06:19,1,36:f7:e9:0c:86:ad,1,3351,145,N,N,N,N
15:06:23,1,36:f7:e9:0c:86:ad,1,3356,145,N,N,N,N
15:06:27,1,36:f7:e9:0c:86:ad,1,3363,145,N,N,N,N
15:06:31,1,36:f7:e9:0c:86:ad,1,3368,145,N,N,N,N
15:06:35,1,36:f7:e9:0c:86:ad,1,3375,145,N,N,N,N
15:06:39,1,36:f7:e9:0c:86:ad,1,3380,145,N,N,N,N
15:06:44,1,36:f7:e9:0c:86:ad,1,3387,145,N,N,N,N
15:06:48,1,36:f7:e9:0c:86:ad,1,3392,145,N,N,N,N
15:06:52,1,36:f7:e9:0c:86:ad,1,3399,145,N,N,N,N
15:06:56,1,36:f7:e9:0c:86:ad,1,3404,145,N,N,N,N
15:07:00,1,36:f7:e9:0c:86:ad,1,3411,145,N,N,N,N
15:07:04,1,36:f7:e9:0c:86:ad,1,3416,145,N,N,N,N
15:07:08,1,36:f7:e9:0c:86:ad,1,3423,145,N,N,N,N
15:07:12,1,36:f7:e9:0c:86:ad,1,3428,145,N,N,N,N
15:07:16,1,36:f7:e9:0c:86:ad,1,3435,145,N,N,N,N
15:07:20,1,36:f7:e9:0c:86:ad,1,3440,145,N,N,N,N
15:07:24,1,36:f7:e9:0c:86:ad,1,3447,145,N,N,N,N
15:07:28,1,36:f7:e9:0c:86:ad,1,3452,145,N,N,N,N
15:07:32,1,36:f7:e9:0c:86:ad,1,3459,145,N,N,N,N
15:07:36,1,36:f7:e9:0c:86:ad,1,3464,145,N,N,N,N
15:07:40,1,36:f7:e9:0c:86:ad,1,3471,145,N,N,N,N
15:07:44,1,36:f7:e9:0c:86:ad,1,3476,145,N,N,N,N
15:07:48,1,36:f7:e9:0c:86:ad,1,3483,146,N,N,N,N
15:07:52,1,36:f7:e9:0c:86:ad,1,3488,146,N,N,N,N
15:07:56,1,36:f7:e9:0c:86:ad,1,3495,146,N,N,N,N
15:08:00,1,36:f7:e9:0c:86:ad,1,3500,146,N,N,N,N
15:08:04,1,36:f7:e9:0c:86:ad,1,3507,146,N,N,N,N
15:08:08,1,36:f7:e9:0c:86:ad,1,3512,146,N,N,N,N
15:08:12,1,36:f7:e9:0c:86:ad,1,3519,146,N,N,N,N
15:08:17,1,36:f7:e9:0c:86:ad,1,3524,146,N,N,N,N
15:08:21,1,36:f7:e9:0c:86:ad,1,3531,146,N,N,N,N
15:08:25,1,36:f7:e9:0c:86:ad,1,3536,146,N,N,N,N
15:08:29,1,36:f7:e9:0c:86:ad,1,3543,146,N,N,N,N
15:08:33,1,36:f7:e9:0c:86:ad,1,3548,146,N,N,N,N
15:08:37,1,36:f7:e9:0c:86:ad,1,3555,146,N,N,N,N
15:08:41,1,36:f7:e9:0c:86:ad,1,3560,146,N,N,N,N
15:08:45,1,36:f7:e9:0c:86:ad,1,3567,146,N,N,N,N
15:08:49,1,36:f7:e9:0c:86:ad,1,3572,146,N,N,N,N
15:08:53,1,36:f7:e9:0c:86:ad,1,3579,146,N,N,N,N
15:08:57,1,36:f7:e9:0c:86:ad,1,3584,146,N,N,N,N
15:09:01,1,36:f7:e9:0c:86:ad,1,3591,146,N,N,N,N
15:09:05,1,36:f7:e9:0c:86:ad,1,3596,146,N,N,N,N
15:09:09,1,36:f7:e9:0c:86:ad,1,3603,146,N,N,N,N
15:09:13,1,36:f7:e9:0c:86:ad,1,3608,146,N,N,N,N
15:09:17,1,36:f7:e9:0c:86:ad,1,3615,146,N,N,N,N
15:09:21,1,36:f7:e9:0c:86:ad,1,3620,146,N,N,N,N
15:09:25,1,36:f7:e9:0c:86:ad,1,3627,146,N,N,N,N
15:09:29,1,36:f7:e9:0c:86:ad,1,3632,146,N,N,N,N
15:09:33,1,36:f7:e9:0c:86:ad,1,3639,146,N,N,N,N
15:09:37,1,36:f7:e9:0c:86:ad,1,3644,146,N,N,N,N
15:09:41,1,36:f7:e9:0c:86:ad,1,3651,146,N,N,N,N
15:09:45,1,36:f7:e9:0c:86:ad,1,3656,146,N,N,N,N
15:09:49,1,36:f7:e9:0c:86:ad,1,3663,146,N,N,N,N
15:09:54,1,36:f7:e9:0c:86:ad,1,3668,146,N,N,N,N
15:09:58,1,36:f7:e9:0c:86:ad,1,3675,146,N,N,N,N
15:10:02,1,36:f7:e9:0c:86:ad,1,3680,146,N,N,N,N
15:10:06,1,36:f7:e9:0c:86:ad,1,3687,146,N,N,N,N
15:10:10,1,36:f7:e9:0c:86:ad,1,3692,146,N,N,N,N
15:10:14,1,36:f7:e9:0c:86:ad,1,3699,146,N,N,N,N
15:10:18,1,36:f7:e9:0c:86:ad,1,3704,146,N,N,N,N
15:10:22,1,36:f7:e9:0c:86:ad,1,3711,146,N,N,N,N
15:10:26,1,36:f7:e9:0c:86:ad,1,3716,146,N,N,N,N
15:10:30,1,36:f7:e9:0c:86:ad,1,3723,146,N,N,N,N
15:10:34,1,36:f7:e9:0c:86:ad,1,3728,146,N,N,N,N
15:10:38,1,36:f7:e9:0c:86:ad,1,3735,146,N,N,N,N
15:10:42,1,36:f7:e9:0c:86:ad,1,3740,146,N,N,N,N
15:10:46,1,36:f7:e9:0c:86:ad,1,3747,146,N,N,N,N
15:10:50,1,36:f7:e9:0c:86:ad,1,3752,146,N,N,N,N
15:10:54,1,36:f7:e9:0c:86:ad,1,3759,146,N,N,N,N
15:10:58,1,36:f7:e9:0c:86:ad,1,3764,146,N,N,N,N
15:11:02,1,36:f7:e9:0c:86:ad,1,3771,146,N,N,N,N
15:11:06,1,36:f7:e9:0c:86:ad,1,3776,146,N,N,N,N
15:11:10,1,36:f7:e9:0c:86:ad,1,3783,146,N,N,N,N
15:11:14,1,36:f7:e9:0c:86:ad,1,3788,146,N,N,N,N
15:11:18,1,36:f7:e9:0c:86:ad,1,3795,146,N,N,N,N
15:11:22,1,36:f7:e9:0c:86:ad,1,3800,146,N,N,N,N
15:11:26,1,36:f7:e9:0c:86:ad,1,3807,146,N,N,N,N
15:11:31,1,36:f7:e9:0c:86:ad,1,3812,146,N,N,N,N
15:11:35,1,36:f7:e9:0c:86:ad,1,3818,146,N,N,N,N
15:11:39,1,36:f7:e9:0c:86:ad,1,3824,146,N,N,N,N
15:11:43,1,36:f7:e9:0c:86:ad,1,3830,146,N,N,N,N
15:11:47,1,36:f7:e9:0c:86:ad,1,3836,146,N,N,N,N
15:11:51,1,36:f7:e9:0c:86:ad,1,3842,146,N,N,N,N
15:11:55,1,36:f7:e9:0c:86:ad,1,3848,146,N,N,N,N
15:11:59,1,36:f7:e9:0c:86:ad,1,3854,146,N,N,N,N
15:12:03,1,36:f7:e9:0c:86:ad,1,3861,146,N,N,N,N
15:12:07,1,36:f7:e9:0c:86:ad,1,3866,146,N,N,N,N
15:12:11,1,36:f7:e9:0c:86:ad,1,3873,146,N,N,N,N
15:12:15,1,36:f7:e9:0c:86:ad,1,3878,146,N,N,N,N
15:12:19,1,36:f7:e9:0c:86:ad,1,3885,146,N,N,N,N
15:12:23,1,36:f7:e9:0c:86:ad,1,3890,146,N,N,N,N
15:12:27,1,36:f7:e9:0c:86:ad,1,3897,146,N,N,N,N
15:12:31,1,36:f7:e9:0c:86:ad,1,3902,146,N,N,N,N
15:12:35,1,36:f7:e9:0c:86:ad,1,3909,146,N,N,N,N
15:12:39,1,36:f7:e9:0c:86:ad,1,3914,146,N,N,N,N
15:12:43,1,36:f7:e9:0c:86:ad,1,3921,146,N,N,N,N
15:12:47,1,36:f7:e9:0c:86:ad,1,3926,146,N,N,N,N
15:12:51,1,36:f7:e9:0c:86:ad,1,3933,146,N,N,N,N
15:12:55,1,36:f7:e9:0c:86:ad,1,3938,146,N,N,N,N
15:12:59,1,36:f7:e9:0c:86:ad,1,3945,146,N,N,N,N
15:13:03,1,36:f7:e9:0c:86:ad,1,3950,146,N,N,N,N
15:13:08,1,36:f7:e9:0c:86:ad,1,3957,146,N,N,N,N
15:13:12,1,36:f7:e9:0c:86:ad,1,3962,146,N,N,N,N
15:13:16,1,36:f7:e9:0c:86:ad,1,3969,146,N,N,N,N
15:13:20,1,36:f7:e9:0c:86:ad,1,3974,146,N,N,N,N
15:13:24,1,36:f7:e9:0c:86:ad,1,3981,146,N,N,N,N
15:13:28,1,36:f7:e9:0c:86:ad,1,3986,146,N,N,N,N
15:13:32,1,36:f7:e9:0c:86:ad,1,3993,146,N,N,N,N
15:13:36,1,36:f7:e9:0c:86:ad,1,3998,146,N,N,N,N
15:13:40,1,36:f7:e9:0c:86:ad,1,4005,146,N,N,N,N
15:13:44,1,36:f7:e9:0c:86:ad,1,4010,146,N,N,N,N
15:13:48,1,36:f7:e9:0c:86:ad,1,4017,146,N,N,N,N
15:13:52,1,36:f7:e9:0c:86:ad,1,4022,146,N,N,N,N
15:13:56,1,36:f7:e9:0c:86:ad,1,4029,146,N,N,N,N
15:14:00,1,36:f7:e9:0c:86:ad,1,4034,146,N,N,N,N
15:14:04,1,36:f7:e9:0c:86:ad,1,4041,146,N,N,N,N
15:14:08,1,36:f7:e9:0c:86:ad,1,4046,146,N,N,N,N
15:14:12,1,36:f7:e9:0c:86:ad,1,4053,146,N,N,N,N
15:14:16,1,36:f7:e9:0c:86:ad,1,4058,146,N,N,N,N
15:14:20,1,36:f7:e9:0c:86:ad,1,4065,146,N,N,N,N
15:14:24,1,36:f7:e9:0c:86:ad,1,4070,146,N,N,N,N
15:14:28,1,36:f7:e9:0c:86:ad,1,4077,146,N,N,N,N
15:14:32,1,36:f7:e9:0c:86:ad,1,4082,146,N,N,N,N
15:14:36,1,36:f7:e9:0c:86:ad,1,4089,146,N,N,N,N
15:14:40,1,36:f7:e9:0c:86:ad,1,4094,146,N,N,N,N
15:14:45,1,36:f7:e9:0c:86:ad,1,4101,146,N,N,N,N
15:14:49,1,36:f7:e9:0c:86:ad,1,4106,146,N,N,N,N
15:14:53,1,36:f7:e9:0c:86:ad,1,4113,146,N,N,N,N
15:14:57,1,36:f7:e9:0c:86:ad,1,4118,146,N,N,N,N
15:15:01,1,36:f7:e9:0c:86:ad,1,4125,146,N,N,N,N
15:15:05,1,36:f7:e9:0c:86:ad,1,4130,146,N,N,N,N
15:15:09,1,36:f7:e9:0c:86:ad,1,4137,146,N,N,N,N
15:15:13,1,36:f7:e9:0c:86:ad,1,4142,146,N,N,N,N
15:15:17,1,36:f7:e9:0c:86:ad,1,4149,146,N,N,N,N

================ summary ================
window                 : 45 min requested; 2696s covered in 668 samples
gadget re-enumerations : 0
reachable              : 0.1% of the time (4s of 2696s)
longest reachable run  : 4s
ssh port 22 open       : 0.0% of samples (0)
status page 8080       : 0.0% of samples (0)

baseline to beat (v63, 36 min — docs/ubuntu-touch/26-gadget-reassert-every-2-minutes.md):
  16 gadget re-enumerations at a ~118 s cadence; 2 pings reached the device
csv                    : /mnt/data/zl1-bb10/tmp-clean-20260918T143021Z.csv
